,TE.fixed,lower.fixed,upper.fixed,pval.fixed,TE.random,lower.random,upper.random,pval.random
1,0.924778439824086,0.847884642471686,1.00864565758664,0.0774623757902947,0.913604325317019,0.799327905775297,1.04421834544659,0.185064494388723
