,TE.fixed,lower.fixed,upper.fixed,pval.fixed,TE.random,lower.random,upper.random,pval.random
1,0.884282434443643,0.810903738241786,0.964301170396653,0.00539535678973137,0.889326946804538,0.772262559695455,1.0241366856171,0.103362180545293
