,TE.fixed,lower.fixed,upper.fixed,pval.fixed,TE.random,lower.random,upper.random,pval.random
1,1.01427456268294,0.927065251027239,1.10968768095423,0.757328380675452,1.00068643578923,0.878890849382838,1.13936030108371,0.991731610015962
