,TE.fixed,lower.fixed,upper.fixed,pval.fixed,TE.random,lower.random,upper.random,pval.random
1,0.987174156361911,0.90602245824925,1.07559454637797,0.768038490009425,0.983761040612802,0.871749433255136,1.11016508655916,0.790655337554782
