,TE.fixed,lower.fixed,upper.fixed,pval.fixed,TE.random,lower.random,upper.random,pval.random
1,1.10140470847754,1.01119837205362,1.19965811395923,0.0267331396813641,1.10081420456641,1.00959997898409,1.20026935241673,0.029521007189861
