,TE.fixed,lower.fixed,upper.fixed,pval.fixed,TE.random,lower.random,upper.random,pval.random
1,1.07462896689961,0.982997319195179,1.17480220337246,0.113458633848099,1.06310589883081,0.926845591212311,1.21939853072028,0.381884172198754
