,TE.fixed,lower.fixed,upper.fixed,pval.fixed,TE.random,lower.random,upper.random,pval.random
1,1.02443859096336,0.939684548706139,1.11683695140037,0.58369302519043,1.02409515472344,0.934028659212939,1.12284658033061,0.612212340495101
