,TE.fixed,lower.fixed,upper.fixed,pval.fixed,TE.random,lower.random,upper.random,pval.random
1,1.09737163800227,1.00707003960539,1.19577036803085,0.0339417358326622,1.09274270351722,0.995876060914685,1.19903134833203,0.0611088683427788
