,TE.fixed,lower.fixed,upper.fixed,pval.fixed,TE.random,lower.random,upper.random,pval.random
1,1.18919055401881,1.08882479841615,1.29880783007945,0.000117359960018461,1.22103851872708,1.06405966901812,1.40117618177468,0.00445057446568317
