,TE.fixed,lower.fixed,upper.fixed,pval.fixed,TE.random,lower.random,upper.random,pval.random
1,1.27236670350877,1.1592194341651,1.39655787375905,3.99272710213092e-07,1.32241378743286,1.1113938568009,1.57349999236661,0.00162881283181265
