,TE.fixed,lower.fixed,upper.fixed,pval.fixed,TE.random,lower.random,upper.random,pval.random
1,1.06387990124604,0.975142525897974,1.16069232365086,0.163467972927998,1.04594417315924,0.92652930866697,1.1807497109182,0.467692725278611
