,TE.fixed,lower.fixed,upper.fixed,pval.fixed,TE.random,lower.random,upper.random,pval.random
1,0.900718686512196,0.824036232265296,0.984536990566529,0.0212656442975944,0.898308824994774,0.778924177985755,1.03599139411776,0.140488169160608
